pattern_name	sequence_name	start	stop	score	p-value	E-value	q-value	matched_sequence
cluster-60	chr2	25869324	25869447	18.9026	0.0009369	0.94533	0.46732	GAGGAAAGCAGGGTGAGGCCCAGGATCTGTCTGGTGAAGATGGATGGAGCAACCTGCCCATGTGCTGCTGACTGTACCCACACCCACATCCACCCATCACTGTGGCCAGGTGGTCAAAGATAAG
cluster-355	chr6	136416875	136417118	20.9017	0.00094954	0.95808	0.46732	AGAAAAAGGGAATGGGGGTGGGGTGGGTGGGAGATTGTTGTAGGACACTGGATTGAGGGAGGGCGGGAGGTGTAGAGAATGGGGCGGTTCCGCCCTAACAAAGAGGCAGAAACTGTGTCTCAACAGCCACCAAATCCAGTTCAGGGCGGTTTGAGCCAGTTTCTGAGCTGGATTGAGAACAACAGCCACAGGCTGAGACTTCACTAGGGTGAAATGGAAAATCTAGCATGGATTTTACAGACAG
cluster-262	chr5	65255972	65256132	20.9878	0.0026669	2.6909	0.57817	CAGACACCACCAGCCACTTCCCCACAGTCAGTCAGACCTGGGCCACTGGGTCCCCTGCCTTGTTGCTTGGCAGCTTTCTTCAAGGCCTGGCCTGGGCAGCCACACCCAACATTCTCACCACACCCTGTAATTCTCGCCACCCAGAAGTTCTTGCCACACCC
cluster-808	chr14	71023800	71023975	19.4982	0.0031998	3.2286	0.57817	CCGCACCCACCTTCAGCTGGCCGCCCCAGCCTTATCTGAGCCACCAGCCAGGCCCCACCTCAAACCACCCACCCTCTCATTTCCACGGCAACCAGAGCTTTGCAGCTCCCCAGGATATGGGTGATAAGACTTGCCCACAGGGATCTCCAGGTTGGCACCTACCCATCCCAGGCAGG
cluster-501	chr9	21940151	21940381	14.5603	0.0042762	4.3147	0.57817	CCTGCCCTGCCACTCCCTTGACTTTCTCTCTTTTTCTCCCTCCCCTCCGCCGCCGCCCACACCCGAGTGCTAGCTGTGGACCTAGGGGCTCTTGATCTACCACTGAGCCACACCCAAGTGTCCAGGCTTATCATCTTGCCTTAGCTTTTTCTGTAGCACATTATCAATGCCTGGCCAGTGTCTTGTGTATTTATCTTCTTTTTCCTTTCTCTCCACCTGCTTGGCTGTCTC
cluster-467	chr8	74937913	74938080	14.5311	0.0043368	4.3759	0.57817	CACAGCACCCAGCCCCACCCAGGGTTTCATGACTCCTCTGACAGCTCTGCTGTGAACATGCAGCCACGCCCTGGGATGCAGAATGAATGATAAGGCATGGGTGGGAGAGGTAATATGTCAGGGATCAGTCACTCTACCCAGGAATTCCCAAGCCAGGAACAGTGGCTG
cluster-492	chr8	122895779	122895932	19.6149	0.0048862	4.9302	0.57817	CTGTCTCCAGATAAACCCTGAGGCCTGGGGTGGGGCCATGCTGCTCACGGCTTATCACTTCTGTCTGGTGCTTGTTCCCGCCACTCTGCACCCCAGCCTTATCTGTGTCCCCAGGCCTTCCTTTGCCCACAGCTCTGACTGCTATGGGGGCAGG
cluster-261	chr5	65203447	65203587	18.0491	0.0051972	5.244	0.57817	GGGTGTGGGCAGAATCTTATCTGAAGCTATGTCCTGTTTGGACAAGTTGGACTCGCCCTGGCAACTCTCCATGGGGTGGAGCCGATGGGTGGAGGCAGAAAAGTAAAATTGGGTGGCTTGTTCACGGAGAGGGGAGGGCGG
cluster-137	chr3	97461942	97462123	18.354	0.0052864	5.334	0.57817	TGGGCGGACAGTTCACAGCCCTAATCCCGACCCGGACCCCACCCTCGGCCCCGCCCCAAGCCGGAGCTGCGCACGCACCCACCACAGAGGCGGTGCTGGTGGCTAGAGAGGCAGGCGACCCAGGCTGAGGAGGGGGCGGGGCTGGAGCGCAGGGGGCGGAACAAGAGGCTCGGTGGGCGGGG
cluster-187	chr4	118241407	118241641	17.7641	0.00719	7.2547	0.70772	GGGTGGGGGCGGCAGGAATGGGGCCAGGCCCTCTGAAGTGTCTGCTGAGGATCCTGGGACCTGGGTGTGGGAGCTCATTAAGCACTATCTTTGCCAACACTGTGGGTGTGGTTCAATCTGGACCAAGAGATAAGGGTACGACCTGAGGCACCAGAAAGGAAGACGAGGCAGGTGGAGACTGGCCAGACACGTCCCAGGAGGAGGGAAGAATAAAAGGCAGCAAAGCTGGGTGGGG
cluster-865	chr16	8687059	8687229	17.9013	0.0089363	9.0167	0.74721	CCCCACCCTCTGTGACAGCCTTATCACTGGAGTGGACAGGTGGGTGTGGCGTGCCATGGCTGTGCTATCAGCAGCCACCATGGCAGGCCTCTGTGCCCACTCCCAGCCTACTGCTGCCAGCCCTGCCCAGCAGGTCCACCTTGGAAATCTGCCCTGCAGCTGGTCTGGGGA
cluster-1009	chr19	56466261	56466372	13.2404	0.0091094	9.1914	0.74721	AGATAAGGCTGGGTGTGGGGAAGTCAGCCAGAGCGGAGGAAGCTGCATAGCAAGAAGCAGAGACTGGGGTGGGGCTAGGGCAGTGTCTCACTAAGCAGAGGTTGGGGTGGGG
